{"count":1,"self":144.9701376,"total":176.8894991,"children":{"InitializeActuators":{"count":11,"self":0.0010000999999999999,"total":0.0010000999999999999,"children":null},"InitializeSensors":{"count":11,"self":0.0065197,"total":0.0075251999999999993,"children":{"RenderTextureSensor.Write":{"count":22,"self":0.0010054999999999999,"total":0.0010054999999999999,"children":null}}},"AgentSendState":{"count":4227,"self":0.73492899999999994,"total":27.7732656,"children":{"GridSensor.Update":{"count":9306,"self":13.1308808,"total":13.1308811,"children":null},"CollectObservations":{"count":9306,"self":0.17624579999999998,"total":0.17624579999999998,"children":null},"WriteActionMask":{"count":9306,"self":0.0080007999999999989,"total":0.0080007999999999989,"children":null},"RequestDecision":{"count":9306,"self":0.1149414,"total":13.7232089,"children":{"RayPerceptionSensor.Perceive":{"count":27918,"self":0.0080061,"total":0.0080061,"children":null},"CameraSensor.GetCompressedObservation":{"count":9306,"self":12.8553792,"total":12.8553796,"children":null},"GridSensor.GetCompressedObservation":{"count":9306,"self":0.34163319999999997,"total":0.34163319999999997,"children":null},"RenderTextureSensor.Write":{"count":9306,"self":0.40324859999999996,"total":0.40324859999999996,"children":null}}}}},"DecideAction":{"count":4227,"self":0.743313,"total":0.743313,"children":null},"AgentAct":{"count":4227,"self":0.164968,"total":0.164968,"children":null},"GridSensor.Update":{"count":780,"self":1.2474874,"total":1.2474874,"children":null},"RayPerceptionSensor.Perceive":{"count":2340,"self":0.0030039999999999997,"total":0.0030039999999999997,"children":null},"CameraSensor.GetCompressedObservation":{"count":780,"self":1.9141275999999998,"total":1.9141276999999999,"children":null},"GridSensor.GetCompressedObservation":{"count":780,"self":0.0298013,"total":0.0298013,"children":null},"RenderTextureSensor.Write":{"count":780,"self":0.0338038,"total":0.0338038,"children":null}},"gauges":{"Spider2.CumulativeReward":{"count":780,"max":11.9922209,"min":-2,"runningAverage":-1.2779839,"value":-1,"weightedAverage":-1.1179316}},"metadata":{"timer_format_version":"0.1.0","start_time_seconds":"1687027754","unity_version":"2022.2.18f1","command_line_arguments":"C:\\Program Files\\Unity\\Hub\\Editor\\2022.2.18f1\\Editor\\Unity.exe -projectpath C:\\Users\\steam\\Documents\\1ChaosCoster\\rollercoaster2\\chaoscoasterv2 -useHub -hubIPC -cloudEnvironment production","communication_protocol_version":"1.5.0","com.unity.ml-agents_version":"2.3.0-exp.3","scene_name":"SpiderWalking","end_time_seconds":"1687027931"}}