{"count":1,"self":180.770752,"total":481.2323111,"children":{"InitializeActuators":{"count":17,"self":0.0010007,"total":0.0010007,"children":null},"InitializeSensors":{"count":17,"self":0.0062758,"total":0.0062758,"children":null},"AgentSendState":{"count":45329,"self":17.442368,"total":192.16552769999998,"children":{"GridSensor.Update":{"count":154122,"self":168.9566208,"total":168.9566251,"children":null},"CollectObservations":{"count":154122,"self":5.2309503999999993,"total":5.2309503999999993,"children":null},"WriteActionMask":{"count":154122,"self":0.097646,"total":0.097646,"children":null},"RequestDecision":{"count":154122,"self":0.43793869999999996,"total":0.43793869999999996,"children":null}}},"DecideAction":{"count":45329,"self":97.194431999999992,"total":100.45902509999999,"children":{"RayPerceptionSensor.Perceive":{"count":770610,"self":0.92454019999999992,"total":0.92454019999999992,"children":null},"GridSensor.Write":{"count":154122,"self":2.3400524,"total":2.3400524,"children":null}}},"AgentAct":{"count":45329,"self":6.5613503999999994,"total":6.5613503,"children":null},"GridSensor.Update":{"count":1012,"self":1.2683824,"total":1.2683824,"children":null}},"gauges":{"Grunt.CumulativeReward":{"count":1012,"max":7109.00635,"min":-3952.07617,"runningAverage":802.017944,"value":16.666275,"weightedAverage":585.852234}},"metadata":{"timer_format_version":"0.1.0","start_time_seconds":"1688659741","unity_version":"2022.2.18f1","command_line_arguments":"C:\\Program Files\\Unity\\Hub\\Editor\\2022.2.18f1\\Editor\\Unity.exe -projectpath C:\\Users\\steam\\Documents\\1ChaosCoster\\rollercoaster2\\chaoscoasterv2 -useHub -hubIPC -cloudEnvironment production","communication_protocol_version":"1.5.0","com.unity.ml-agents_version":"2.3.0-exp.3","scene_name":"TrainingGrunt","end_time_seconds":"1688660222"}}