{"count":1,"self":57.712499199999996,"total":58.086507999999995,"children":{"InitializeActuators":{"count":1,"self":0,"total":0,"children":null},"InitializeSensors":{"count":1,"self":0.0015034999999999998,"total":0.0015034999999999998,"children":null},"AgentSendState":{"count":4722,"self":0.0968771,"total":0.138037,"children":{"CollectObservations":{"count":945,"self":0.028560199999999997,"total":0.028560199999999997,"children":null},"WriteActionMask":{"count":945,"self":0.0025069999999999997,"total":0.0025069999999999997,"children":null},"RequestDecision":{"count":945,"self":0.0080794,"total":0.0100927,"children":{"RayPerceptionSensor.Perceive":{"count":4725,"self":0.0020133,"total":0.0020133,"children":null}}}}},"DecideAction":{"count":4722,"self":0.22801849999999999,"total":0.22801849999999999,"children":null},"AgentAct":{"count":4722,"self":0.0054440999999999995,"total":0.0054440999999999995,"children":null}},"gauges":{},"metadata":{"timer_format_version":"0.1.0","start_time_seconds":"1687811722","unity_version":"2022.2.18f1","command_line_arguments":"C:\\Program Files\\Unity\\Hub\\Editor\\2022.2.18f1\\Editor\\Unity.exe -projectpath C:\\Users\\steam\\Documents\\1ChaosCoster\\rollercoaster2\\chaoscoasterv2 -useHub -hubIPC -cloudEnvironment production","communication_protocol_version":"1.5.0","com.unity.ml-agents_version":"2.3.0-exp.3","scene_name":"TrainingSpider2","end_time_seconds":"1687811780"}}